,AAPL,MSFT,^GSPC
2019-03-14,45.932498931884766,114.58999633789062,2808.47998046875
2019-03-15,46.529998779296875,115.91000366210938,2822.47998046875
2019-03-18,47.005001068115234,117.56999969482422,2832.93994140625
2019-03-19,46.63249969482422,117.6500015258789,2832.570068359375
2019-03-20,47.040000915527344,117.5199966430664,2824.22998046875
2019-03-21,48.772499084472656,120.22000122070312,2854.8798828125
2019-03-22,47.76250076293945,117.05000305175781,2800.7099609375
2019-03-25,47.185001373291016,117.66000366210938,2798.360107421875
2019-03-26,46.6974983215332,117.91000366210938,2818.4599609375
2019-03-27,47.11750030517578,116.7699966430664,2805.3701171875
2019-03-28,47.18000030517578,116.93000030517578,2815.43994140625
2019-03-29,47.48749923706055,117.94000244140625,2834.39990234375
2019-04-01,47.810001373291016,119.0199966430664,2867.18994140625
2019-04-02,48.505001068115234,119.19000244140625,2867.239990234375
2019-04-03,48.837501525878906,119.97000122070312,2873.39990234375
2019-04-04,48.92250061035156,119.36000061035156,2879.389892578125
2019-04-05,49.25,119.88999938964844,2892.739990234375
2019-04-08,50.025001525878906,119.93000030517578,2895.77001953125
2019-04-09,49.875,119.27999877929688,2878.199951171875
2019-04-10,50.154998779296875,120.19000244140625,2888.2099609375
2019-04-11,49.73749923706055,120.33000183105469,2888.320068359375
2019-04-12,49.717498779296875,120.94999694824219,2907.409912109375
2019-04-15,49.807498931884766,121.05000305175781,2905.580078125
2019-04-16,49.8125,120.7699966430664,2907.06005859375
2019-04-17,50.782501220703125,121.7699966430664,2900.449951171875
2019-04-18,50.96500015258789,123.37000274658203,2905.030029296875
2019-04-19,50.96500015258789,123.37000274658203,2905.030029296875
2019-04-22,51.13249969482422,123.76000213623047,2907.969970703125
2019-04-23,51.869998931884766,125.44000244140625,2933.679931640625
2019-04-24,51.790000915527344,125.01000213623047,2927.25
2019-04-25,51.31999969482422,129.14999389648438,2926.169921875
2019-04-26,51.07500076293945,129.88999938964844,2939.8798828125
2019-04-29,51.15250015258789,129.77000427246094,2943.030029296875
2019-04-30,50.16749954223633,130.60000610351562,2945.830078125
2019-05-01,52.630001068115234,127.87999725341797,2923.72998046875
2019-05-02,52.287498474121094,126.20999908447266,2917.52001953125
2019-05-03,52.9375,128.89999389648438,2945.639892578125
2019-05-06,52.119998931884766,128.14999389648438,2932.469970703125
2019-05-07,50.71500015258789,125.5199966430664,2884.050048828125
2019-05-08,50.724998474121094,125.51000213623047,2879.419921875
2019-05-09,50.18000030517578,125.5,2870.719970703125
2019-05-10,49.29499816894531,127.12999725341797,2881.39990234375
2019-05-13,46.43000030517578,123.3499984741211,2811.8701171875
2019-05-14,47.165000915527344,124.7300033569336,2834.409912109375
2019-05-15,47.72999954223633,126.0199966430664,2850.9599609375
2019-05-16,47.52000045776367,128.92999267578125,2876.320068359375
2019-05-17,47.25,128.07000732421875,2859.530029296875
2019-05-20,45.772499084472656,126.22000122070312,2840.22998046875
2019-05-21,46.650001525878906,126.9000015258789,2864.360107421875
2019-05-22,45.69499969482422,127.66999816894531,2856.27001953125
2019-05-23,44.915000915527344,126.18000030517578,2822.239990234375
2019-05-24,44.74250030517578,126.23999786376953,2826.06005859375
2019-05-27,44.74250030517578,126.23999786376953,2826.06005859375
2019-05-28,44.557498931884766,126.16000366210938,2802.389892578125
2019-05-29,44.345001220703125,124.94000244140625,2783.02001953125
2019-05-30,44.57500076293945,125.7300033569336,2788.860107421875
2019-05-31,43.76750183105469,123.68000030517578,2752.06005859375
2019-06-03,43.32500076293945,119.83999633789062,2744.449951171875
2019-06-04,44.90999984741211,123.16000366210938,2803.27001953125
2019-06-05,45.6349983215332,125.83000183105469,2826.14990234375
2019-06-06,46.30500030517578,127.81999969482422,2843.489990234375
2019-06-07,47.537498474121094,131.39999389648438,2873.340087890625
2019-06-10,48.14500045776367,132.60000610351562,2886.72998046875
2019-06-11,48.70249938964844,132.10000610351562,2885.719970703125
2019-06-12,48.54750061035156,131.49000549316406,2879.840087890625
2019-06-13,48.537498474121094,132.32000732421875,2891.639892578125
2019-06-14,48.185001373291016,132.4499969482422,2886.97998046875
2019-06-17,48.47249984741211,132.85000610351562,2889.669921875
2019-06-18,49.61249923706055,135.16000366210938,2917.75
2019-06-19,49.467498779296875,135.69000244140625,2926.4599609375
2019-06-20,49.8650016784668,136.9499969482422,2954.179931640625
2019-06-21,49.69499969482422,136.97000122070312,2950.4599609375
2019-06-24,49.64500045776367,137.77999877929688,2945.35009765625
2019-06-25,48.89250183105469,133.42999267578125,2917.3798828125
2019-06-26,49.95000076293945,133.92999267578125,2913.780029296875
2019-06-27,49.935001373291016,134.14999389648438,2924.919921875
2019-06-28,49.47999954223633,133.9600067138672,2941.760009765625
2019-07-01,50.38750076293945,135.67999267578125,2964.330078125
2019-07-02,50.682498931884766,136.5800018310547,2973.010009765625
2019-07-03,51.102500915527344,137.4600067138672,2995.820068359375
2019-07-04,51.102500915527344,137.4600067138672,2995.820068359375
2019-07-05,51.057498931884766,137.05999755859375,2990.409912109375
2019-07-08,50.005001068115234,136.9600067138672,2975.949951171875
2019-07-09,50.310001373291016,136.4600067138672,2979.6298828125
2019-07-10,50.807498931884766,137.85000610351562,2993.070068359375
2019-07-11,50.4375,138.39999389648438,2999.909912109375
2019-07-12,50.82500076293945,138.89999389648438,3013.77001953125
2019-07-15,51.3025016784668,138.89999389648438,3014.300048828125
2019-07-16,51.125,137.0800018310547,3004.0400390625
2019-07-17,50.837501525878906,136.27000427246094,2984.419921875
2019-07-18,51.415000915527344,136.4199981689453,2995.110107421875
2019-07-19,50.647499084472656,136.6199951171875,2976.610107421875
2019-07-22,51.80500030517578,138.42999267578125,2985.030029296875
2019-07-23,52.209999084472656,139.2899932861328,3005.469970703125
2019-07-24,52.16749954223633,140.72000122070312,3019.56005859375
2019-07-25,51.755001068115234,140.19000244140625,3003.669921875
2019-07-26,51.935001373291016,141.33999633789062,3025.860107421875
2019-07-29,52.41999816894531,141.02999877929688,3020.969970703125
2019-07-30,52.19499969482422,140.35000610351562,3013.179931640625
2019-07-31,53.2599983215332,136.27000427246094,2980.3798828125
2019-08-01,52.10749816894531,138.05999755859375,2953.56005859375
2019-08-02,51.005001068115234,136.89999389648438,2932.050048828125
2019-08-05,48.334999084472656,132.2100067138672,2844.739990234375
2019-08-06,49.25,134.69000244140625,2881.77001953125
2019-08-07,49.7599983215332,135.27999877929688,2883.97998046875
2019-08-08,50.85749816894531,138.88999938964844,2938.090087890625
2019-08-09,50.247501373291016,137.7100067138672,2918.64990234375
2019-08-12,50.119998931884766,135.7899932861328,2882.699951171875
2019-08-13,52.24250030517578,138.60000610351562,2926.320068359375
2019-08-14,50.6875,133.97999572753906,2840.60009765625
2019-08-15,50.435001373291016,133.67999267578125,2847.60009765625
2019-08-16,51.625,136.1300048828125,2888.679931640625
2019-08-19,52.587501525878906,138.41000366210938,2923.64990234375
2019-08-20,52.59000015258789,137.25999450683594,2900.510009765625
2019-08-21,53.15999984741211,138.7899932861328,2924.429931640625
2019-08-22,53.1150016784668,137.77999877929688,2922.949951171875
2019-08-23,50.65999984741211,133.38999938964844,2847.110107421875
2019-08-26,51.622501373291016,135.4499969482422,2878.3798828125
2019-08-27,51.040000915527344,135.74000549316406,2869.159912109375
2019-08-28,51.38249969482422,135.55999755859375,2887.93994140625
2019-08-29,52.252498626708984,138.1199951171875,2924.580078125
2019-08-30,52.185001373291016,137.86000061035156,2926.4599609375
2019-09-02,52.185001373291016,137.86000061035156,2926.4599609375
2019-09-03,51.42499923706055,136.0399932861328,2906.27001953125
2019-09-04,52.29750061035156,137.6300048828125,2937.780029296875
2019-09-05,53.31999969482422,140.0500030517578,2976.0
2019-09-06,53.314998626708984,139.10000610351562,2978.7099609375
2019-09-09,53.54249954223633,137.52000427246094,2978.429931640625
2019-09-10,54.17499923706055,136.0800018310547,2979.389892578125
2019-09-11,55.897499084472656,136.1199951171875,3000.929931640625
2019-09-12,55.772499084472656,137.52000427246094,3009.570068359375
2019-09-13,54.6875,137.32000732421875,3007.389892578125
2019-09-16,54.974998474121094,136.3300018310547,2997.9599609375
2019-09-17,55.17499923706055,137.38999938964844,3005.699951171875
2019-09-18,55.692501068115234,138.52000427246094,3006.72998046875
2019-09-19,55.2400016784668,141.07000732421875,3006.7900390625
2019-09-20,54.432498931884766,139.44000244140625,2992.070068359375
2019-09-23,54.68000030517578,139.13999938964844,2991.780029296875
2019-09-24,54.41999816894531,137.3800048828125,2966.60009765625
2019-09-25,55.25749969482422,139.36000061035156,2984.8701171875
2019-09-26,54.97249984741211,139.5399932861328,2977.6201171875
2019-09-27,54.70500183105469,137.72999572753906,2961.7900390625
2019-09-30,55.99250030517578,139.02999877929688,2976.739990234375
2019-10-01,56.147499084472656,137.07000732421875,2940.25
2019-10-02,54.7400016784668,134.64999389648438,2887.610107421875
2019-10-03,55.20500183105469,136.27999877929688,2910.6298828125
2019-10-04,56.752498626708984,138.1199951171875,2952.010009765625
2019-10-07,56.76499938964844,137.1199951171875,2938.7900390625
2019-10-08,56.099998474121094,135.6699981689453,2893.06005859375
2019-10-09,56.75749969482422,138.24000549316406,2919.39990234375
2019-10-10,57.522499084472656,139.10000610351562,2938.1298828125
2019-10-11,59.0525016784668,139.67999267578125,2970.27001953125
2019-10-14,58.967498779296875,139.5500030517578,2966.14990234375
2019-10-15,58.83000183105469,141.57000732421875,2995.679931640625
2019-10-16,58.592498779296875,140.41000366210938,2989.68994140625
2019-10-17,58.81999969482422,139.69000244140625,2997.949951171875
2019-10-18,59.102500915527344,137.41000366210938,2986.199951171875
2019-10-21,60.127498626708984,138.42999267578125,3006.719970703125
2019-10-22,59.9900016784668,136.3699951171875,2995.989990234375
2019-10-23,60.79499816894531,137.24000549316406,3004.52001953125
2019-10-24,60.89500045776367,139.94000244140625,3010.2900390625
2019-10-25,61.64500045776367,140.72999572753906,3022.550048828125
2019-10-28,62.26250076293945,144.19000244140625,3039.419921875
2019-10-29,60.8224983215332,142.8300018310547,3036.889892578125
2019-10-30,60.814998626708984,144.61000061035156,3046.77001953125
2019-10-31,62.189998626708984,143.3699951171875,3037.56005859375
2019-11-01,63.95500183105469,143.72000122070312,3066.909912109375
2019-11-04,64.375,144.5500030517578,3078.27001953125
2019-11-05,64.28250122070312,144.4600067138672,3074.6201171875
2019-11-06,64.30999755859375,144.05999755859375,3076.780029296875
2019-11-07,64.85749816894531,144.25999450683594,3085.179931640625
2019-11-08,65.03500366210938,145.9600067138672,3093.080078125
2019-11-11,65.55000305175781,146.11000061035156,3087.010009765625
2019-11-12,65.48999786376953,147.07000732421875,3091.840087890625
2019-11-13,66.11750030517578,147.30999755859375,3094.0400390625
2019-11-14,65.66000366210938,148.05999755859375,3096.6298828125
2019-11-15,66.44000244140625,149.97000122070312,3120.4599609375
2019-11-18,66.7750015258789,150.33999633789062,3122.030029296875
2019-11-19,66.57250213623047,150.38999938964844,3120.179931640625
2019-11-20,65.79750061035156,149.6199951171875,3108.4599609375
2019-11-21,65.50250244140625,149.47999572753906,3103.5400390625
2019-11-22,65.44499969482422,149.58999633789062,3110.2900390625
2019-11-25,66.59249877929688,151.22999572753906,3133.639892578125
2019-11-26,66.07250213623047,152.02999877929688,3140.52001953125
2019-11-27,66.95999908447266,152.32000732421875,3153.6298828125
2019-11-28,66.95999908447266,152.32000732421875,3153.6298828125
2019-11-29,66.8125,151.3800048828125,3140.97998046875
2019-12-02,66.04000091552734,149.5500030517578,3113.8701171875
2019-12-03,64.86250305175781,149.30999755859375,3093.199951171875
2019-12-04,65.43499755859375,149.85000610351562,3112.760009765625
2019-12-05,66.3949966430664,149.92999267578125,3117.429931640625
2019-12-06,67.67749786376953,151.75,3145.909912109375
2019-12-09,66.7300033569336,151.36000061035156,3135.9599609375
2019-12-10,67.12000274658203,151.1300048828125,3132.52001953125
2019-12-11,67.69249725341797,151.6999969482422,3141.6298828125
2019-12-12,67.86499786376953,153.24000549316406,3168.570068359375
2019-12-13,68.7874984741211,154.52999877929688,3168.800048828125
2019-12-16,69.96499633789062,155.52999877929688,3191.449951171875
2019-12-17,70.10250091552734,154.69000244140625,3192.52001953125
2019-12-18,69.93499755859375,154.3699951171875,3191.139892578125
2019-12-19,70.00499725341797,155.7100067138672,3205.3701171875
2019-12-20,69.86000061035156,157.41000366210938,3221.219970703125
2019-12-23,71.0,157.41000366210938,3224.010009765625
2019-12-24,71.06749725341797,157.3800048828125,3223.3798828125
2019-12-25,71.06749725341797,157.3800048828125,3223.3798828125
2019-12-26,72.47750091552734,158.6699981689453,3239.909912109375
2019-12-27,72.44999694824219,158.9600067138672,3240.02001953125
2019-12-30,72.87999725341797,157.58999633789062,3221.2900390625
2019-12-31,73.4124984741211,157.6999969482422,3230.780029296875
2020-01-01,73.4124984741211,157.6999969482422,3230.780029296875
2020-01-02,75.0875015258789,160.6199951171875,3257.85009765625
2020-01-03,74.35749816894531,158.6199951171875,3234.85009765625
2020-01-06,74.94999694824219,159.02999877929688,3246.280029296875
2020-01-07,74.59750366210938,157.5800018310547,3237.179931640625
2020-01-08,75.79750061035156,160.08999633789062,3253.050048828125
2020-01-09,77.40750122070312,162.08999633789062,3274.699951171875
2020-01-10,77.5824966430664,161.33999633789062,3265.35009765625
2020-01-13,79.23999786376953,163.27999877929688,3288.1298828125
2020-01-14,78.16999816894531,162.1300048828125,3283.14990234375
2020-01-15,77.83499908447266,163.17999267578125,3289.2900390625
2020-01-16,78.80999755859375,166.1699981689453,3316.81005859375
2020-01-17,79.68250274658203,167.10000610351562,3329.6201171875
2020-01-20,79.68250274658203,167.10000610351562,3329.6201171875
2020-01-21,79.14250183105469,166.5,3320.7900390625
2020-01-22,79.42500305175781,165.6999969482422,3321.75
2020-01-23,79.80750274658203,166.72000122070312,3325.5400390625
2020-01-24,79.57749938964844,165.0399932861328,3295.469970703125
2020-01-27,77.23750305175781,162.27999877929688,3243.6298828125
2020-01-28,79.42250061035156,165.4600067138672,3276.239990234375
2020-01-29,81.08499908447266,168.0399932861328,3273.39990234375
2020-01-30,80.96749877929688,172.77999877929688,3283.659912109375
2020-01-31,77.37750244140625,170.22999572753906,3225.52001953125
2020-02-03,77.16500091552734,174.3800048828125,3248.919921875
2020-02-04,79.7125015258789,180.1199951171875,3297.590087890625
2020-02-05,80.36250305175781,179.89999389648438,3334.68994140625
2020-02-06,81.30249786376953,183.6300048828125,3345.780029296875
2020-02-07,80.00749969482422,183.88999938964844,3327.7099609375
2020-02-10,80.38749694824219,188.6999969482422,3352.090087890625
2020-02-11,79.90249633789062,184.44000244140625,3357.75
2020-02-12,81.80000305175781,184.7100067138672,3379.449951171875
2020-02-13,81.21749877929688,183.7100067138672,3373.93994140625
2020-02-14,81.23750305175781,185.35000610351562,3380.159912109375
2020-02-17,81.23750305175781,185.35000610351562,3380.159912109375
2020-02-18,79.75,187.22999572753906,3370.2900390625
2020-02-19,80.90499877929688,187.27999877929688,3386.14990234375
2020-02-20,80.07499694824219,184.4199981689453,3373.22998046875
2020-02-21,78.26249694824219,178.58999633789062,3337.75
2020-02-24,74.54499816894531,170.88999938964844,3225.889892578125
2020-02-25,72.0199966430664,168.07000732421875,3128.2099609375
2020-02-26,73.1624984741211,170.1699981689453,3116.389892578125
2020-02-27,68.37999725341797,158.17999267578125,2978.760009765625
2020-02-28,68.33999633789062,162.00999450683594,2954.219970703125
2020-03-02,74.70249938964844,172.7899932861328,3090.22998046875
2020-03-03,72.33000183105469,164.50999450683594,3003.3701171875
2020-03-04,75.68499755859375,170.5500030517578,3130.1201171875
2020-03-05,73.2300033569336,166.27000427246094,3023.93994140625
2020-03-06,72.25749969482422,161.57000732421875,2972.3701171875
2020-03-09,66.5425033569336,150.6199951171875,2746.56005859375
2020-03-10,71.33499908447266,160.9199981689453,2882.22998046875
2020-03-11,68.85749816894531,153.6300048828125,2741.3798828125
2020-03-12,62.057498931884766,139.05999755859375,2480.639892578125
2020-03-13,69.49250030517578,158.8300018310547,2711.02001953125
2020-03-16,60.5525016784668,135.4199981689453,2386.1298828125
2020-03-17,63.21500015258789,146.57000732421875,2529.18994140625
2020-03-18,61.66749954223633,140.39999389648438,2398.10009765625
2020-03-19,61.19499969482422,142.7100067138672,2409.389892578125
2020-03-20,57.310001373291016,137.35000610351562,2304.919921875
2020-03-23,56.092498779296875,135.97999572753906,2237.39990234375
2020-03-24,61.720001220703125,148.33999633789062,2447.330078125
2020-03-25,61.380001068115234,146.9199981689453,2475.56005859375
2020-03-26,64.61000061035156,156.11000061035156,2630.070068359375
2020-03-27,61.935001373291016,149.6999969482422,2541.469970703125
2020-03-30,63.70249938964844,160.22999572753906,2626.64990234375
2020-03-31,63.5724983215332,157.7100067138672,2584.590087890625
2020-04-01,60.227500915527344,152.11000061035156,2470.5
2020-04-02,61.23249816894531,155.25999450683594,2526.89990234375
2020-04-03,60.352500915527344,153.8300018310547,2488.64990234375
2020-04-06,65.61750030517578,165.27000427246094,2663.679931640625
2020-04-07,64.85749816894531,163.49000549316406,2659.409912109375
2020-04-08,66.51750183105469,165.1300048828125,2749.97998046875
2020-04-09,66.99749755859375,165.13999938964844,2789.820068359375
2020-04-10,66.99749755859375,165.13999938964844,2789.820068359375
2020-04-13,68.3125,165.50999450683594,2761.6298828125
2020-04-14,71.76249694824219,173.6999969482422,2846.06005859375
2020-04-15,71.10749816894531,171.8800048828125,2783.360107421875
2020-04-16,71.67250061035156,177.0399932861328,2799.550048828125
2020-04-17,70.69999694824219,178.60000610351562,2874.56005859375
2020-04-20,69.23249816894531,175.05999755859375,2823.159912109375
2020-04-21,67.09249877929688,167.82000732421875,2736.56005859375
2020-04-22,69.0250015258789,173.52000427246094,2799.31005859375
2020-04-23,68.75749969482422,171.4199981689453,2797.800048828125
2020-04-24,70.74250030517578,174.5500030517578,2836.739990234375
2020-04-27,70.7925033569336,174.0500030517578,2878.47998046875
2020-04-28,69.6449966430664,169.80999755859375,2863.389892578125
2020-04-29,71.93250274658203,177.42999267578125,2939.510009765625
2020-04-30,73.44999694824219,179.2100067138672,2912.429931640625
2020-05-01,72.26750183105469,174.57000732421875,2830.7099609375
2020-05-04,73.29000091552734,178.83999633789062,2842.739990234375
2020-05-05,74.38999938964844,180.75999450683594,2868.43994140625
2020-05-06,75.15750122070312,182.5399932861328,2848.419921875
2020-05-07,75.93499755859375,183.60000610351562,2881.18994140625
2020-05-08,77.53250122070312,184.67999267578125,2929.800048828125
2020-05-11,78.75250244140625,186.74000549316406,2930.18994140625
2020-05-12,77.85250091552734,182.50999450683594,2870.1201171875
2020-05-13,76.9124984741211,179.75,2820.0
2020-05-14,77.38500213623047,180.52999877929688,2852.5
2020-05-15,76.92749786376953,183.16000366210938,2863.699951171875
2020-05-18,78.73999786376953,184.91000366210938,2953.909912109375
2020-05-19,78.28500366210938,183.6300048828125,2922.93994140625
2020-05-20,79.80750274658203,185.66000366210938,2971.610107421875
2020-05-21,79.2125015258789,183.42999267578125,2948.510009765625
2020-05-22,79.72250366210938,183.50999450683594,2955.449951171875
2020-05-25,79.72250366210938,183.50999450683594,2955.449951171875
2020-05-26,79.18250274658203,181.57000732421875,2991.77001953125
2020-05-27,79.52749633789062,181.80999755859375,3036.1298828125
2020-05-28,79.5625,181.39999389648438,3029.72998046875
2020-05-29,79.48500061035156,183.25,3044.31005859375
2020-06-01,80.4625015258789,182.8300018310547,3055.72998046875
2020-06-02,80.83499908447266,184.91000366210938,3080.820068359375
2020-06-03,81.27999877929688,185.36000061035156,3122.8701171875
2020-06-04,80.58000183105469,182.9199981689453,3112.35009765625
2020-06-05,82.875,187.1999969482422,3193.929931640625
2020-06-08,83.36499786376953,188.36000061035156,3232.389892578125
2020-06-09,85.99749755859375,189.8000030517578,3207.179931640625
2020-06-10,88.20999908447266,196.83999633789062,3190.139892578125
2020-06-11,83.9749984741211,186.27000427246094,3002.10009765625
2020-06-12,84.69999694824219,187.74000549316406,3041.31005859375
2020-06-15,85.74749755859375,188.94000244140625,3066.590087890625
2020-06-16,88.0199966430664,193.57000732421875,3124.739990234375
2020-06-17,87.89749908447266,194.24000549316406,3113.489990234375
2020-06-18,87.93250274658203,196.32000732421875,3115.340087890625
2020-06-19,87.43000030517578,195.14999389648438,3097.739990234375
2020-06-22,89.71749877929688,200.57000732421875,3117.860107421875
2020-06-23,91.63249969482422,201.91000366210938,3131.2900390625
2020-06-24,90.01499938964844,197.83999633789062,3050.330078125
2020-06-25,91.20999908447266,200.33999633789062,3083.760009765625
2020-06-26,88.40750122070312,196.3300018310547,3009.050048828125
2020-06-29,90.44499969482422,198.44000244140625,3053.239990234375
2020-06-30,91.19999694824219,203.50999450683594,3100.2900390625
2020-07-01,91.02749633789062,204.6999969482422,3115.860107421875
2020-07-02,91.02749633789062,206.25999450683594,3130.010009765625
2020-07-03,91.02749633789062,206.25999450683594,3130.010009765625
2020-07-06,93.4625015258789,210.6999969482422,3179.719970703125
2020-07-07,93.17250061035156,208.25,3145.320068359375
2020-07-08,95.34249877929688,212.8300018310547,3169.93994140625
2020-07-09,95.75250244140625,214.32000732421875,3152.050048828125
2020-07-10,95.91999816894531,213.6699981689453,3185.0400390625
2020-07-13,95.47750091552734,207.07000732421875,3155.219970703125
2020-07-14,97.05750274658203,208.35000610351562,3197.52001953125
2020-07-15,97.7249984741211,208.0399932861328,3226.56005859375
2020-07-16,96.52249908447266,203.9199981689453,3215.570068359375
2020-07-17,96.32749938964844,202.8800048828125,3224.72998046875
2020-07-20,98.35749816894531,211.60000610351562,3251.840087890625
2020-07-21,97.0,208.75,3257.300048828125
2020-07-22,97.27249908447266,211.75,3276.02001953125
2020-07-23,92.84500122070312,202.5399932861328,3235.659912109375
2020-07-24,92.61499786376953,201.3000030517578,3215.6298828125
2020-07-27,94.80999755859375,203.85000610351562,3239.409912109375
2020-07-28,93.25250244140625,202.02000427246094,3218.43994140625
2020-07-29,95.04000091552734,204.05999755859375,3258.43994140625
2020-07-30,96.19000244140625,203.89999389648438,3246.219970703125
2020-07-31,106.26000213623047,205.00999450683594,3271.1201171875
2020-08-03,108.9375,216.5399932861328,3294.610107421875
2020-08-04,109.66500091552734,213.2899932861328,3306.510009765625
2020-08-05,110.0625,212.94000244140625,3327.77001953125
2020-08-06,113.90249633789062,216.35000610351562,3349.159912109375
2020-08-07,111.11250305175781,212.47999572753906,3351.280029296875
2020-08-10,112.72750091552734,208.25,3360.469970703125
2020-08-11,109.375,203.3800048828125,3333.68994140625
2020-08-12,113.01000213623047,209.19000244140625,3380.35009765625
2020-08-13,115.01000213623047,208.6999969482422,3373.429931640625
2020-08-14,114.90750122070312,208.89999389648438,3372.85009765625
2020-08-17,114.60749816894531,210.27999877929688,3381.989990234375
2020-08-18,115.5625,211.49000549316406,3389.780029296875
2020-08-19,115.7074966430664,209.6999969482422,3374.85009765625
2020-08-20,118.2750015258789,214.5800018310547,3385.510009765625
2020-08-21,124.37000274658203,213.02000427246094,3397.159912109375
2020-08-24,125.85749816894531,213.69000244140625,3431.280029296875
2020-08-25,124.82499694824219,216.47000122070312,3443.6201171875
2020-08-26,126.52249908447266,221.14999389648438,3478.72998046875
2020-08-27,125.01000213623047,226.5800018310547,3484.550048828125
2020-08-28,124.80750274658203,228.91000366210938,3508.010009765625
2020-08-31,129.0399932861328,225.52999877929688,3500.31005859375
2020-09-01,134.17999267578125,227.27000427246094,3526.64990234375
2020-09-02,131.39999389648438,231.64999389648438,3580.840087890625
2020-09-03,120.87999725341797,217.3000030517578,3455.06005859375
2020-09-04,120.95999908447266,214.25,3426.9599609375
2020-09-07,120.95999908447266,214.25,3426.9599609375
2020-09-08,112.81999969482422,202.66000366210938,3331.840087890625
2020-09-09,117.31999969482422,211.2899932861328,3398.9599609375
2020-09-10,113.48999786376953,205.3699951171875,3339.18994140625
2020-09-11,112.0,204.02999877929688,3340.969970703125
2020-09-14,115.36000061035156,205.41000366210938,3383.5400390625
2020-09-15,115.54000091552734,208.77999877929688,3401.199951171875
2020-09-16,112.12999725341797,205.0500030517578,3385.489990234375
2020-09-17,110.33999633789062,202.91000366210938,3357.010009765625
2020-09-18,106.83999633789062,200.38999938964844,3319.469970703125
2020-09-21,110.08000183105469,202.5399932861328,3281.06005859375
2020-09-22,111.80999755859375,207.4199981689453,3315.570068359375
2020-09-23,107.12000274658203,200.58999633789062,3236.919921875
2020-09-24,108.22000122070312,203.19000244140625,3246.590087890625
2020-09-25,112.27999877929688,207.82000732421875,3298.4599609375
2020-09-28,114.95999908447266,209.44000244140625,3351.60009765625
2020-09-29,114.08999633789062,207.25999450683594,3335.469970703125
2020-09-30,115.80999755859375,210.3300018310547,3363.0
2020-10-01,116.79000091552734,212.4600067138672,3380.800048828125
2020-10-02,113.0199966430664,206.19000244140625,3348.419921875
2020-10-05,116.5,210.3800048828125,3408.60009765625
2020-10-06,113.16000366210938,205.91000366210938,3360.969970703125
2020-10-07,115.08000183105469,209.8300018310547,3419.43994140625
2020-10-08,114.97000122070312,210.5800018310547,3446.830078125
2020-10-09,116.97000122070312,215.80999755859375,3477.139892578125
2020-10-12,124.4000015258789,221.39999389648438,3534.219970703125
2020-10-13,121.0999984741211,222.86000061035156,3511.929931640625
2020-10-14,121.19000244140625,220.86000061035156,3488.669921875
2020-10-15,120.70999908447266,219.66000366210938,3483.340087890625
2020-10-16,119.0199966430664,219.66000366210938,3483.81005859375
2020-10-19,115.9800033569336,214.22000122070312,3426.919921875
2020-10-20,117.51000213623047,214.64999389648438,3443.1201171875
2020-10-21,116.87000274658203,214.8000030517578,3435.56005859375
2020-10-22,115.75,214.88999938964844,3453.489990234375
2020-10-23,115.04000091552734,216.22999572753906,3465.389892578125
2020-10-26,115.05000305175781,210.0800018310547,3400.969970703125
2020-10-27,116.5999984741211,213.25,3390.679931640625
2020-10-28,111.19999694824219,202.67999267578125,3271.030029296875
2020-10-29,115.31999969482422,204.72000122070312,3310.110107421875
2020-10-30,108.86000061035156,202.47000122070312,3269.9599609375
2020-11-02,108.7699966430664,202.3300018310547,3310.239990234375
2020-11-03,110.44000244140625,206.42999267578125,3369.159912109375
2020-11-04,114.94999694824219,216.38999938964844,3443.43994140625
2020-11-05,119.02999877929688,223.2899932861328,3510.449951171875
2020-11-06,118.69000244140625,223.72000122070312,3509.43994140625
2020-11-09,116.31999969482422,218.38999938964844,3550.5
2020-11-10,115.97000122070312,211.00999450683594,3545.530029296875
2020-11-11,119.48999786376953,216.5500030517578,3572.659912109375
2020-11-12,119.20999908447266,215.44000244140625,3537.010009765625
2020-11-13,119.26000213623047,216.50999450683594,3585.14990234375
2020-11-16,120.30000305175781,217.22999572753906,3626.909912109375
2020-11-17,119.38999938964844,214.4600067138672,3609.530029296875
2020-11-18,118.02999877929688,211.0800018310547,3567.7900390625
2020-11-19,118.63999938964844,212.4199981689453,3581.8701171875
2020-11-20,117.33999633789062,210.38999938964844,3557.5400390625
2020-11-23,113.8499984741211,210.11000061035156,3577.590087890625
2020-11-24,115.16999816894531,213.86000061035156,3635.409912109375
2020-11-25,116.02999877929688,213.8699951171875,3629.64990234375
2020-11-26,116.02999877929688,213.8699951171875,3629.64990234375
2020-11-27,116.58999633789062,215.22999572753906,3638.35009765625
2020-11-30,119.05000305175781,214.07000732421875,3621.6298828125
2020-12-01,122.72000122070312,216.2100067138672,3662.449951171875
2020-12-02,123.08000183105469,215.3699951171875,3669.010009765625
2020-12-03,122.94000244140625,214.24000549316406,3666.719970703125
2020-12-04,122.25,214.36000061035156,3699.1201171875
2020-12-07,123.75,214.2899932861328,3691.9599609375
2020-12-08,124.37999725341797,216.00999450683594,3702.25
2020-12-09,121.77999877929688,211.8000030517578,3672.820068359375
2020-12-10,123.23999786376953,210.52000427246094,3668.10009765625
2020-12-11,122.41000366210938,213.25999450683594,3663.4599609375
2020-12-14,121.77999877929688,214.1999969482422,3647.489990234375
2020-12-15,127.87999725341797,214.1300048828125,3694.6201171875
2020-12-16,127.80999755859375,219.27999877929688,3701.169921875
2020-12-17,128.6999969482422,219.4199981689453,3722.47998046875
2020-12-18,126.66000366210938,218.58999633789062,3709.409912109375
2020-12-21,128.22999572753906,222.58999633789062,3694.919921875
2020-12-22,131.8800048828125,223.94000244140625,3687.260009765625
2020-12-23,130.9600067138672,221.02000427246094,3690.010009765625
2020-12-24,131.97000122070312,222.75,3703.06005859375
2020-12-25,131.97000122070312,222.75,3703.06005859375
2020-12-28,136.69000244140625,224.9600067138672,3735.360107421875
2020-12-29,134.8699951171875,224.14999389648438,3727.0400390625
2020-12-30,133.72000122070312,221.67999267578125,3732.0400390625
2020-12-31,132.69000244140625,222.4199981689453,3756.070068359375
2021-01-01,132.69000244140625,222.4199981689453,3756.070068359375
2021-01-04,129.41000366210938,217.69000244140625,3700.64990234375
2021-01-05,131.00999450683594,217.89999389648438,3726.860107421875
2021-01-06,126.5999984741211,212.25,3748.139892578125
2021-01-07,130.9199981689453,218.2899932861328,3803.7900390625
2021-01-08,132.0500030517578,219.6199951171875,3824.679931640625
2021-01-11,128.97999572753906,217.49000549316406,3799.610107421875
2021-01-12,128.8000030517578,214.92999267578125,3801.18994140625
2021-01-13,130.88999938964844,216.33999633789062,3809.840087890625
2021-01-14,128.91000366210938,213.02000427246094,3795.5400390625
2021-01-15,127.13999938964844,212.64999389648438,3768.25
2021-01-18,127.13999938964844,212.64999389648438,3768.25
2021-01-19,127.83000183105469,216.44000244140625,3798.909912109375
2021-01-20,132.02999877929688,224.33999633789062,3851.85009765625
2021-01-21,136.8699951171875,224.97000122070312,3853.070068359375
2021-01-22,139.07000732421875,225.9499969482422,3841.469970703125
2021-01-25,142.9199981689453,229.52999877929688,3855.360107421875
2021-01-26,143.16000366210938,232.3300018310547,3849.6201171875
2021-01-27,142.05999755859375,232.89999389648438,3750.77001953125
2021-01-28,137.08999633789062,238.92999267578125,3787.3798828125
2021-01-29,131.9600067138672,231.9600067138672,3714.239990234375
2021-02-01,134.13999938964844,239.64999389648438,3773.860107421875
2021-02-02,134.99000549316406,239.50999450683594,3826.31005859375
2021-02-03,133.94000244140625,243.0,3830.169921875
2021-02-04,137.38999938964844,242.00999450683594,3871.739990234375
2021-02-05,136.75999450683594,242.1999969482422,3886.830078125
2021-02-08,136.91000366210938,242.47000122070312,3915.590087890625
2021-02-09,136.00999450683594,243.77000427246094,3911.22998046875
2021-02-10,135.38999938964844,242.82000732421875,3909.8798828125
2021-02-11,135.1300048828125,244.49000549316406,3916.3798828125
2021-02-12,135.3699951171875,244.99000549316406,3934.830078125
2021-02-15,135.3699951171875,244.99000549316406,3934.830078125
2021-02-16,133.19000244140625,243.6999969482422,3932.590087890625
2021-02-17,130.83999633789062,244.1999969482422,3931.330078125
2021-02-18,129.7100067138672,243.7899932861328,3913.969970703125
2021-02-19,129.8699951171875,240.97000122070312,3906.7099609375
2021-02-22,126.0,234.50999450683594,3876.5
2021-02-23,125.86000061035156,233.27000427246094,3881.3701171875
2021-02-24,125.3499984741211,234.5500030517578,3925.429931640625
2021-02-25,120.98999786376953,228.99000549316406,3829.340087890625
2021-02-26,121.26000213623047,232.3800048828125,3811.14990234375
2021-03-01,127.79000091552734,236.94000244140625,3901.820068359375
2021-03-02,125.12000274658203,233.8699951171875,3870.2900390625
2021-03-03,122.05999755859375,227.55999755859375,3819.719970703125
2021-03-04,120.12999725341797,226.72999572753906,3768.469970703125
2021-03-05,121.41999816894531,231.60000610351562,3841.93994140625
2021-03-08,116.36000061035156,227.38999938964844,3821.35009765625
2021-03-09,121.08999633789062,233.77999877929688,3875.43994140625
2021-03-10,119.9800033569336,232.4199981689453,3898.81005859375
2021-03-11,121.95999908447266,237.1300048828125,3939.340087890625
2021-03-12,121.02999877929688,235.75,3943.340087890625
2021-03-15,123.98999786376953,234.80999755859375,3968.93994140625
2021-03-16,125.56999969482422,237.7100067138672,3962.7099609375
2021-03-17,124.76000213623047,237.0399932861328,3974.1201171875
2021-03-18,120.52999877929688,230.72000122070312,3915.4599609375
2021-03-19,119.98999786376953,230.35000610351562,3913.10009765625
2021-03-22,123.38999938964844,235.99000549316406,3940.590087890625
2021-03-23,122.54000091552734,237.5800018310547,3910.52001953125
2021-03-24,120.08999633789062,235.4600067138672,3889.139892578125
2021-03-25,120.58999633789062,232.33999633789062,3909.52001953125
2021-03-26,121.20999908447266,236.47999572753906,3974.5400390625
2021-03-29,121.38999938964844,235.24000549316406,3971.090087890625
2021-03-30,119.9000015258789,231.85000610351562,3958.550048828125
2021-03-31,122.1500015258789,235.77000427246094,3972.889892578125
2021-04-01,123.0,242.35000610351562,4019.8701171875
2021-04-02,123.0,242.35000610351562,4019.8701171875
2021-04-05,125.9000015258789,249.07000732421875,4077.909912109375
2021-04-06,126.20999908447266,247.86000061035156,4073.93994140625
2021-04-07,127.9000015258789,249.89999389648438,4079.949951171875
2021-04-08,130.36000061035156,253.25,4097.169921875
2021-04-09,133.0,255.85000610351562,4128.7998046875
2021-04-12,131.24000549316406,255.91000366210938,4127.990234375
2021-04-13,134.42999267578125,258.489990234375,4141.58984375
2021-04-14,132.02999877929688,255.58999633789062,4124.66015625
2021-04-15,134.5,259.5,4170.419921875
2021-04-16,134.16000366210938,260.739990234375,4185.47021484375
2021-04-19,134.83999633789062,258.739990234375,4163.259765625
2021-04-20,133.11000061035156,258.260009765625,4134.93994140625
2021-04-21,133.5,260.5799865722656,4173.419921875
2021-04-22,131.94000244140625,257.1700134277344,4134.97998046875
2021-04-23,134.32000732421875,261.1499938964844,4180.169921875
2021-04-26,134.72000122070312,261.54998779296875,4187.6201171875
2021-04-27,134.38999938964844,261.9700012207031,4186.72021484375
2021-04-28,133.5800018310547,254.55999755859375,4183.18017578125
2021-04-29,133.47999572753906,252.50999450683594,4211.47021484375
2021-04-30,131.4600067138672,252.17999267578125,4181.169921875
2021-05-03,132.5399932861328,251.86000061035156,4192.66015625
2021-05-04,127.8499984741211,247.7899932861328,4164.66015625
2021-05-05,128.10000610351562,246.47000122070312,4167.58984375
2021-05-06,129.74000549316406,249.72999572753906,4201.6201171875
2021-05-07,130.2100067138672,252.4600067138672,4232.60009765625
2021-05-10,126.8499984741211,247.17999267578125,4188.43017578125
2021-05-11,125.91000366210938,246.22999572753906,4152.10009765625
2021-05-12,122.7699966430664,239.0,4063.0400390625
2021-05-13,124.97000122070312,243.02999877929688,4112.5
2021-05-14,127.44999694824219,248.14999389648438,4173.85009765625
2021-05-17,126.2699966430664,245.17999267578125,4163.2900390625
2021-05-18,124.8499984741211,243.0800018310547,4127.830078125
2021-05-19,124.69000244140625,243.1199951171875,4115.68017578125
2021-05-20,127.30999755859375,246.47999572753906,4159.1201171875
2021-05-21,125.43000030517578,245.1699981689453,4155.85986328125
2021-05-24,127.0999984741211,250.77999877929688,4197.0498046875
2021-05-25,126.9000015258789,251.72000122070312,4188.1298828125
2021-05-26,126.8499984741211,251.49000549316406,4195.990234375
2021-05-27,125.27999877929688,249.30999755859375,4200.8798828125
2021-05-28,124.61000061035156,249.67999267578125,4204.10986328125
2021-05-31,124.61000061035156,249.67999267578125,4204.10986328125
2021-06-01,124.27999877929688,247.39999389648438,4202.0400390625
2021-06-02,125.05999755859375,247.3000030517578,4208.1201171875
2021-06-03,123.54000091552734,245.7100067138672,4192.85009765625
2021-06-04,125.88999938964844,250.7899932861328,4229.89013671875
2021-06-07,125.9000015258789,253.80999755859375,4226.52001953125
2021-06-08,126.73999786376953,252.57000732421875,4227.259765625
2021-06-09,127.12999725341797,253.58999633789062,4219.5498046875
2021-06-10,126.11000061035156,257.239990234375,4239.18017578125
2021-06-11,127.3499984741211,257.8900146484375,4247.43994140625
2021-06-14,130.47999572753906,259.8900146484375,4255.14990234375
2021-06-15,129.63999938964844,258.3599853515625,4246.58984375
2021-06-16,130.14999389648438,257.3800048828125,4223.7001953125
2021-06-17,131.7899932861328,260.8999938964844,4221.85986328125
2021-06-18,130.4600067138672,259.42999267578125,4166.4501953125
2021-06-21,132.3000030517578,262.6300048828125,4224.7900390625
2021-06-22,133.97999572753906,265.510009765625,4246.43994140625
2021-06-23,133.6999969482422,265.2699890136719,4241.83984375
2021-06-24,133.41000366210938,266.69000244140625,4266.490234375
2021-06-25,133.11000061035156,265.0199890136719,4280.7001953125
2021-06-28,134.77999877929688,268.7200012207031,4290.60986328125
2021-06-29,136.3300018310547,271.3999938964844,4291.7998046875
2021-06-30,136.9600067138672,270.8999938964844,4297.5
2021-07-01,137.27000427246094,271.6000061035156,4319.93994140625
2021-07-02,139.9600067138672,277.6499938964844,4352.33984375
2021-07-05,139.9600067138672,277.6499938964844,4352.33984375
2021-07-06,142.02000427246094,277.6600036621094,4343.5400390625
2021-07-07,144.57000732421875,279.92999267578125,4358.1298828125
2021-07-08,143.24000549316406,277.4200134277344,4320.81982421875
2021-07-09,145.11000061035156,277.94000244140625,4369.5498046875
2021-07-12,144.5,277.32000732421875,4384.6298828125
2021-07-13,145.63999938964844,280.9800109863281,4369.2099609375
2021-07-14,149.14999389648438,282.510009765625,4374.2998046875
2021-07-15,148.47999572753906,281.0299987792969,4360.02978515625
2021-07-16,146.38999938964844,280.75,4327.16015625
2021-07-19,142.4499969482422,277.010009765625,4258.490234375
2021-07-20,146.14999389648438,279.32000732421875,4323.06005859375
2021-07-21,145.39999389648438,281.3999938964844,4358.68994140625
2021-07-22,146.8000030517578,286.1400146484375,4367.47998046875
2021-07-23,148.55999755859375,289.6700134277344,4411.7900390625
2021-07-26,148.99000549316406,289.04998779296875,4422.2998046875
2021-07-27,146.77000427246094,286.5400085449219,4401.4599609375
2021-07-28,144.97999572753906,286.2200012207031,4400.64013671875
2021-07-29,145.63999938964844,286.5,4419.14990234375
2021-07-30,145.86000061035156,284.9100036621094,4395.259765625
2021-08-02,145.52000427246094,284.82000732421875,4387.16015625
2021-08-03,147.36000061035156,287.1199951171875,4423.14990234375
2021-08-04,146.9499969482422,286.510009765625,4402.66015625
2021-08-05,147.05999755859375,289.5199890136719,4429.10009765625
2021-08-06,146.13999938964844,289.4599914550781,4436.52001953125
2021-08-09,146.08999633789062,288.3299865722656,4432.35009765625
2021-08-10,145.60000610351562,286.44000244140625,4436.75
2021-08-11,145.86000061035156,286.95001220703125,4442.41015625
2021-08-12,148.88999938964844,289.80999755859375,4460.830078125
2021-08-13,149.10000610351562,292.8500061035156,4468.0
2021-08-16,151.1199951171875,294.6000061035156,4479.7099609375
2021-08-17,150.19000244140625,293.0799865722656,4448.080078125
2021-08-18,146.36000061035156,290.7300109863281,4400.27001953125
2021-08-19,146.6999969482422,296.7699890136719,4405.7998046875
2021-08-20,148.19000244140625,304.3599853515625,4441.669921875
2021-08-23,149.7100067138672,304.6499938964844,4479.52978515625
2021-08-24,149.6199951171875,302.6199951171875,4486.22998046875
2021-08-25,148.36000061035156,302.010009765625,4496.18994140625
2021-08-26,147.5399932861328,299.0899963378906,4470.0
2021-08-27,148.60000610351562,299.7200012207031,4509.3701171875
2021-08-30,153.1199951171875,303.5899963378906,4528.7900390625
2021-08-31,151.8300018310547,301.8800048828125,4522.68017578125
2021-09-01,152.50999450683594,301.8299865722656,4524.08984375
2021-09-02,153.64999389648438,301.1499938964844,4536.9501953125
2021-09-03,154.3000030517578,301.1400146484375,4535.43017578125
2021-09-06,154.3000030517578,301.1400146484375,4535.43017578125
2021-09-07,156.69000244140625,300.17999267578125,4520.02978515625
2021-09-08,155.11000061035156,300.2099914550781,4514.06982421875
2021-09-09,154.07000732421875,297.25,4493.27978515625
2021-09-10,148.97000122070312,295.7099914550781,4458.580078125
2021-09-13,149.5500030517578,296.989990234375,4468.72998046875
2021-09-14,148.1199951171875,299.7900085449219,4443.0498046875
2021-09-15,149.02999877929688,304.82000732421875,4480.7001953125
2021-09-16,148.7899932861328,305.2200012207031,4473.75
2021-09-17,146.05999755859375,299.8699951171875,4432.990234375
2021-09-20,142.94000244140625,294.29998779296875,4357.72998046875
2021-09-21,143.42999267578125,294.79998779296875,4354.18994140625
2021-09-22,145.85000610351562,298.5799865722656,4395.64013671875
2021-09-23,146.8300018310547,299.55999755859375,4448.97998046875
2021-09-24,146.9199981689453,299.3500061035156,4455.47998046875
2021-09-27,145.3699951171875,294.1700134277344,4443.10986328125
2021-09-28,141.91000366210938,283.5199890136719,4352.6298828125
2021-09-29,142.8300018310547,284.0,4359.4599609375
2021-09-30,141.5,281.9200134277344,4307.5400390625
2021-10-01,142.64999389648438,289.1000061035156,4357.0400390625
2021-10-04,139.13999938964844,283.1099853515625,4300.4599609375
2021-10-05,141.11000061035156,288.760009765625,4345.72021484375
2021-10-06,142.0,293.1099853515625,4363.5498046875
2021-10-07,143.2899932861328,294.8500061035156,4399.759765625
2021-10-08,142.89999389648438,294.8500061035156,4391.33984375
2021-10-11,142.80999755859375,294.2300109863281,4361.18994140625
2021-10-12,141.50999450683594,292.8800048828125,4350.64990234375
2021-10-13,140.91000366210938,296.30999755859375,4363.7998046875
2021-10-14,143.75999450683594,302.75,4438.259765625
2021-10-15,144.83999633789062,304.2099914550781,4471.3701171875
2021-10-18,146.5500030517578,307.2900085449219,4486.4599609375
2021-10-19,148.75999450683594,308.2300109863281,4519.6298828125
2021-10-20,149.25999450683594,307.4100036621094,4536.18994140625
2021-10-21,149.47999572753906,310.760009765625,4549.77978515625
2021-10-22,148.69000244140625,309.1600036621094,4544.89990234375
2021-10-25,148.63999938964844,308.1300048828125,4566.47998046875
2021-10-26,149.32000732421875,310.1099853515625,4574.7900390625
2021-10-27,148.85000610351562,323.1700134277344,4551.68017578125
2021-10-28,152.57000732421875,324.3500061035156,4596.419921875
2021-10-29,149.8000030517578,331.6199951171875,4605.3798828125
2021-11-01,148.9600067138672,329.3699951171875,4613.669921875
2021-11-02,150.02000427246094,333.1300048828125,4630.64990234375
2021-11-03,151.49000549316406,334.0,4660.56982421875
2021-11-04,150.9600067138672,336.44000244140625,4680.06005859375
2021-11-05,151.27999877929688,336.05999755859375,4697.52978515625
2021-11-08,150.44000244140625,336.989990234375,4701.7001953125
2021-11-09,150.80999755859375,335.95001220703125,4685.25
2021-11-10,147.9199981689453,330.79998779296875,4646.7099609375
2021-11-11,147.8699951171875,332.42999267578125,4649.27001953125
2021-11-12,149.99000549316406,336.7200012207031,4682.85009765625
2021-11-15,150.0,336.07000732421875,4682.7998046875
2021-11-16,151.0,339.510009765625,4700.89990234375
2021-11-17,153.49000549316406,339.1199951171875,4688.669921875
2021-11-18,157.8699951171875,341.2699890136719,4704.5400390625
2021-11-19,160.5500030517578,343.1099853515625,4697.9599609375
2021-11-22,161.02000427246094,339.8299865722656,4682.93994140625
2021-11-23,161.41000366210938,337.67999267578125,4690.7001953125
2021-11-24,161.94000244140625,337.9100036621094,4701.4599609375
2021-11-25,161.94000244140625,337.9100036621094,4701.4599609375
2021-11-26,156.80999755859375,329.67999267578125,4594.6201171875
2021-11-29,160.24000549316406,336.6300048828125,4655.27001953125
2021-11-30,165.3000030517578,330.5899963378906,4567.0
2021-12-01,164.77000427246094,330.0799865722656,4513.0400390625
2021-12-02,163.75999450683594,329.489990234375,4577.10009765625
2021-12-03,161.83999633789062,323.010009765625,4538.43017578125
2021-12-06,165.32000732421875,326.19000244140625,4591.669921875
2021-12-07,171.17999267578125,334.9200134277344,4686.75
2021-12-08,175.0800018310547,334.9700012207031,4701.2099609375
2021-12-09,174.55999755859375,333.1000061035156,4667.4501953125
2021-12-10,179.4499969482422,342.5400085449219,4712.02001953125
2021-12-13,175.74000549316406,339.3999938964844,4668.97021484375
2021-12-14,174.3300018310547,328.3399963378906,4634.08984375
2021-12-15,179.3000030517578,334.6499938964844,4709.85009765625
2021-12-16,172.25999450683594,324.8999938964844,4668.669921875
2021-12-17,171.13999938964844,323.79998779296875,4620.64013671875
2021-12-20,169.75,319.9100036621094,4568.02001953125
2021-12-21,172.99000549316406,327.2900085449219,4649.22998046875
2021-12-22,175.63999938964844,333.20001220703125,4696.56005859375
2021-12-23,176.27999877929688,334.69000244140625,4725.7900390625
2021-12-24,176.27999877929688,334.69000244140625,4725.7900390625
2021-12-27,180.3300018310547,342.45001220703125,4791.18994140625
2021-12-28,179.2899932861328,341.25,4786.35009765625
2021-12-29,179.3800048828125,341.95001220703125,4793.06005859375
2021-12-30,178.1999969482422,339.32000732421875,4778.72998046875
2021-12-31,177.57000732421875,336.32000732421875,4766.18017578125
2022-01-03,182.00999450683594,334.75,4796.56005859375
2022-01-04,179.6999969482422,329.010009765625,4793.5400390625
2022-01-05,174.9199981689453,316.3800048828125,4700.580078125
2022-01-06,172.0,313.8800048828125,4696.0498046875
2022-01-07,172.1699981689453,314.0400085449219,4677.02978515625
2022-01-10,172.19000244140625,314.2699890136719,4670.2900390625
2022-01-11,175.0800018310547,314.9800109863281,4713.06982421875
2022-01-12,175.52999877929688,318.2699890136719,4726.35009765625
2022-01-13,172.19000244140625,304.79998779296875,4659.02978515625
2022-01-14,173.07000732421875,310.20001220703125,4662.85009765625
2022-01-17,173.07000732421875,310.20001220703125,4662.85009765625
2022-01-18,169.8000030517578,302.6499938964844,4577.10986328125
2022-01-19,166.22999572753906,303.3299865722656,4532.759765625
2022-01-20,164.50999450683594,301.6000061035156,4482.72998046875
2022-01-21,162.41000366210938,296.0299987792969,4397.93994140625
2022-01-24,161.6199951171875,296.3699951171875,4410.1298828125
2022-01-25,159.77999877929688,288.489990234375,4356.4501953125
2022-01-26,159.69000244140625,296.7099914550781,4349.93017578125
2022-01-27,159.22000122070312,299.8399963378906,4326.509765625
2022-01-28,170.3300018310547,308.260009765625,4431.85009765625
2022-01-31,174.77999877929688,310.9800109863281,4515.5498046875
2022-02-01,174.61000061035156,308.760009765625,4546.5400390625
2022-02-02,175.83999633789062,313.4599914550781,4589.3798828125
2022-02-03,172.89999389648438,301.25,4477.43994140625
2022-02-04,172.38999938964844,305.94000244140625,4500.52978515625
2022-02-07,171.66000366210938,300.95001220703125,4483.8701171875
2022-02-08,174.8300018310547,304.55999755859375,4521.5400390625
2022-02-09,176.27999877929688,311.2099914550781,4587.18017578125
2022-02-10,172.1199951171875,302.3800048828125,4504.080078125
2022-02-11,168.63999938964844,295.0400085449219,4418.64013671875
2022-02-14,168.8800048828125,295.0,4401.669921875
2022-02-15,172.7899932861328,300.4700012207031,4471.06982421875
2022-02-16,172.5500030517578,299.5,4475.009765625
2022-02-17,168.8800048828125,290.7300109863281,4380.259765625
2022-02-18,167.3000030517578,287.92999267578125,4348.8701171875
2022-02-21,167.3000030517578,287.92999267578125,4348.8701171875
2022-02-22,164.32000732421875,287.7200012207031,4304.759765625
2022-02-23,160.07000732421875,280.2699890136719,4225.5
2022-02-24,162.74000549316406,294.5899963378906,4288.7001953125
2022-02-25,164.85000610351562,297.30999755859375,4384.64990234375
2022-02-28,165.1199951171875,298.7900085449219,4373.93994140625
2022-03-01,163.1999969482422,294.95001220703125,4306.259765625
2022-03-02,166.55999755859375,300.19000244140625,4386.5400390625
2022-03-03,166.22999572753906,295.9200134277344,4363.490234375
2022-03-04,163.1699981689453,289.8599853515625,4328.8701171875
2022-03-07,159.3000030517578,278.9100036621094,4201.08984375
2022-03-08,157.44000244140625,275.8500061035156,4170.7001953125
2022-03-09,162.9499969482422,288.5,4277.8798828125
2022-03-10,158.52000427246094,285.5899963378906,4259.52001953125
2022-03-11,154.72999572753906,280.07000732421875,4204.31005859375
2022-03-14,150.6199951171875,276.44000244140625,4173.10986328125
2022-03-15,155.08999633789062,287.1499938964844,4262.4501953125
2022-03-16,159.58999633789062,294.3900146484375,4357.85986328125
2022-03-17,160.6199951171875,295.2200012207031,4411.669921875
2022-03-18,163.97999572753906,300.42999267578125,4463.1201171875
2022-03-21,165.3800048828125,299.1600036621094,4461.18017578125
2022-03-22,168.82000732421875,304.05999755859375,4511.60986328125
2022-03-23,170.2100067138672,299.489990234375,4456.240234375
2022-03-24,174.07000732421875,304.1000061035156,4520.16015625
2022-03-25,174.72000122070312,303.67999267578125,4543.06005859375
2022-03-28,175.60000610351562,310.70001220703125,4575.52001953125
2022-03-29,178.9600067138672,315.4100036621094,4631.60009765625
2022-03-30,177.77000427246094,313.8599853515625,4602.4501953125
2022-03-31,174.61000061035156,308.30999755859375,4530.41015625
2022-04-01,174.30999755859375,309.4200134277344,4545.85986328125
2022-04-04,178.44000244140625,314.9700012207031,4582.64013671875
2022-04-05,175.05999755859375,310.8800048828125,4525.1201171875
2022-04-06,171.8300018310547,299.5,4481.14990234375
2022-04-07,172.13999938964844,301.3699951171875,4500.2099609375
2022-04-08,170.08999633789062,296.9700012207031,4488.27978515625
2022-04-11,165.75,285.260009765625,4412.52978515625
2022-04-12,167.66000366210938,282.05999755859375,4397.4501953125
2022-04-13,170.39999389648438,287.6199951171875,4446.58984375
2022-04-14,165.2899932861328,279.8299865722656,4392.58984375
2022-04-15,165.2899932861328,279.8299865722656,4392.58984375
2022-04-18,165.07000732421875,280.5199890136719,4391.68994140625
2022-04-19,167.39999389648438,285.29998779296875,4462.2099609375
2022-04-20,167.22999572753906,286.3599853515625,4459.4501953125
2022-04-21,166.4199981689453,280.80999755859375,4393.66015625
2022-04-22,161.7899932861328,274.0299987792969,4271.77978515625
2022-04-25,162.8800048828125,280.7200012207031,4296.1201171875
2022-04-26,156.8000030517578,270.2200012207031,4175.2001953125
2022-04-27,156.57000732421875,283.2200012207031,4183.9599609375
2022-04-28,163.63999938964844,289.6300048828125,4287.5
2022-04-29,157.64999389648438,277.5199890136719,4131.93017578125
2022-05-02,157.9600067138672,284.4700012207031,4155.3798828125
2022-05-03,159.47999572753906,281.7799987792969,4175.47998046875
2022-05-04,166.02000427246094,289.9800109863281,4300.169921875
2022-05-05,156.77000427246094,277.3500061035156,4146.8701171875
2022-05-06,157.27999877929688,274.7300109863281,4123.33984375
2022-05-09,152.05999755859375,264.5799865722656,3991.239990234375
2022-05-10,154.50999450683594,269.5,4001.050048828125
2022-05-11,146.5,260.54998779296875,3935.179931640625
2022-05-12,142.55999755859375,255.35000610351562,3930.080078125
